<?xml version="1.0" encoding="UTF-8"?><module codename="org.netbeans.core.netigso">
    <module_version install_time="1416338636756" last="true" origin="installer" specification_version="1.27.1">
        <file crc="3723901005" name="config/Modules/org-netbeans-core-netigso.xml"/>
        <file crc="4198969144" name="modules/locale/org-netbeans-core-netigso_ja.jar"/>
        <file crc="3024563987" name="modules/locale/org-netbeans-core-netigso_pt_BR.jar"/>
        <file crc="2271746533" name="modules/locale/org-netbeans-core-netigso_ru.jar"/>
        <file crc="3610381719" name="modules/locale/org-netbeans-core-netigso_zh_CN.jar"/>
        <file crc="2690970474" name="modules/org-netbeans-core-netigso.jar"/>
    </module_version>
</module>
