<?xml version="1.0" encoding="UTF-8"?><module codename="org.netbeans.modules.progress.ui">
    <module_version install_time="1416342783038" last="true" origin="installer" specification_version="1.29.2">
        <file crc="3222128542" name="config/Modules/org-netbeans-modules-progress-ui.xml"/>
        <file crc="1171614141" name="modules/locale/org-netbeans-modules-progress-ui_ja.jar"/>
        <file crc="3128098136" name="modules/locale/org-netbeans-modules-progress-ui_pt_BR.jar"/>
        <file crc="3374127953" name="modules/locale/org-netbeans-modules-progress-ui_ru.jar"/>
        <file crc="1757353242" name="modules/locale/org-netbeans-modules-progress-ui_zh_CN.jar"/>
        <file crc="3529821895" name="modules/org-netbeans-modules-progress-ui.jar"/>
    </module_version>
</module>
