<?xml version="1.0" encoding="UTF-8"?><module codename="org.netbeans.libs.testng/1">
    <module_version install_time="1416337188067" last="true" origin="installer" specification_version="1.11.1">
        <file crc="1204579547" name="config/Modules/org-netbeans-libs-testng.xml"/>
        <file crc="1056733017" name="docs/testng-6.8.1-javadoc.zip"/>
        <file crc="4218112749" name="modules/ext/testng-6.8.1-dist.jar"/>
        <file crc="3091358043" name="modules/locale/org-netbeans-libs-testng_ja.jar"/>
        <file crc="1298085123" name="modules/locale/org-netbeans-libs-testng_pt_BR.jar"/>
        <file crc="1163634011" name="modules/locale/org-netbeans-libs-testng_ru.jar"/>
        <file crc="1702197467" name="modules/locale/org-netbeans-libs-testng_zh_CN.jar"/>
        <file crc="1967688391" name="modules/org-netbeans-libs-testng.jar"/>
    </module_version>
</module>
