<?xml version="1.0" encoding="UTF-8"?><module codename="org.netbeans.core.ui/1">
    <module_version install_time="1416339286141" last="true" origin="installer" specification_version="1.41.1">
        <file crc="3186674130" name="config/Modules/org-netbeans-core-ui.xml"/>
        <file crc="4222768610" name="modules/locale/org-netbeans-core-ui_ja.jar"/>
        <file crc="2796636633" name="modules/locale/org-netbeans-core-ui_pt_BR.jar"/>
        <file crc="1373849491" name="modules/locale/org-netbeans-core-ui_ru.jar"/>
        <file crc="3472995927" name="modules/locale/org-netbeans-core-ui_zh_CN.jar"/>
        <file crc="1042941132" name="modules/org-netbeans-core-ui.jar"/>
    </module_version>
</module>
