<?xml version="1.0" encoding="UTF-8"?><module codename="org.netbeans.modules.keyring.impl">
    <module_version install_time="1416338221432" last="true" origin="installer" specification_version="1.20.1">
        <file crc="729697579" name="config/Modules/org-netbeans-modules-keyring-impl.xml"/>
        <file crc="928073379" name="modules/locale/org-netbeans-modules-keyring-impl_ja.jar"/>
        <file crc="3157780959" name="modules/locale/org-netbeans-modules-keyring-impl_pt_BR.jar"/>
        <file crc="4002975244" name="modules/locale/org-netbeans-modules-keyring-impl_ru.jar"/>
        <file crc="4127611578" name="modules/locale/org-netbeans-modules-keyring-impl_zh_CN.jar"/>
        <file crc="3827718860" name="modules/org-netbeans-modules-keyring-impl.jar"/>
    </module_version>
</module>
