<?xml version="1.0" encoding="UTF-8"?><module codename="org.netbeans.core/2">
    <module_version install_time="1416339027423" last="true" origin="installer" specification_version="3.46.1">
        <file crc="1234898518" name="config/ModuleAutoDeps/org-netbeans-core.xml"/>
        <file crc="2943625018" name="config/Modules/org-netbeans-core.xml"/>
        <file crc="1255890362" name="modules/locale/org-netbeans-core_ja.jar"/>
        <file crc="3943029735" name="modules/locale/org-netbeans-core_pt_BR.jar"/>
        <file crc="2229534085" name="modules/locale/org-netbeans-core_ru.jar"/>
        <file crc="1137343895" name="modules/locale/org-netbeans-core_zh_CN.jar"/>
        <file crc="743234532" name="modules/org-netbeans-core.jar"/>
    </module_version>
</module>
