<?xml version="1.0" encoding="UTF-8"?><module codename="org.openide.filesystems">
    <module_version install_time="1416338149382" last="true" origin="installer" specification_version="8.12.1">
        <file crc="4169761098" name="config/ModuleAutoDeps/org-openide-filesystems.xml"/>
        <file crc="2168148153" name="core/locale/org-openide-filesystems_ja.jar"/>
        <file crc="1235200329" name="core/locale/org-openide-filesystems_pt_BR.jar"/>
        <file crc="1742071816" name="core/locale/org-openide-filesystems_ru.jar"/>
        <file crc="2072153844" name="core/locale/org-openide-filesystems_zh_CN.jar"/>
        <file crc="492020856" name="core/org-openide-filesystems.jar"/>
    </module_version>
</module>
