<?xml version="1.0" encoding="UTF-8"?><module codename="org.netbeans.modules.masterfs.macosx">
    <module_version install_time="1416338269495" last="true" origin="installer" specification_version="1.10.1">
        <file crc="4284776310" name="config/Modules/org-netbeans-modules-masterfs-macosx.xml"/>
        <file crc="3355216581" name="modules/locale/org-netbeans-modules-masterfs-macosx_ja.jar"/>
        <file crc="4269144146" name="modules/locale/org-netbeans-modules-masterfs-macosx_pt_BR.jar"/>
        <file crc="193618593" name="modules/locale/org-netbeans-modules-masterfs-macosx_ru.jar"/>
        <file crc="1180232428" name="modules/locale/org-netbeans-modules-masterfs-macosx_zh_CN.jar"/>
        <file crc="2361855134" name="modules/org-netbeans-modules-masterfs-macosx.jar"/>
    </module_version>
</module>
